year,value
199,,
2003,.,
20
,
81757
2008,0.641745
2011,0.726797
2012,
